<?xml version="1.0"?>
<metadata xml:lang="es"><Esri><CreaDate>20190618</CreaDate><CreaTime>13023500</CreaTime><ArcGISFormat>1.0</ArcGISFormat><ArcGISstyle>North American Profile of ISO19115 2003</ArcGISstyle><SyncOnce>FALSE</SyncOnce><DataProperties><lineage><Process ToolSource="c:\program files (x86)\arcgis\desktop10.2\ArcToolbox\Toolboxes\Data Management Tools.tbx\CalculateField" Date="20190523" Time="145748" Name="" export="">CalculateField wifi Objeto Puestos VB #</Process><Process ToolSource="c:\program files (x86)\arcgis\desktop10.2\ArcToolbox\Toolboxes\Data Management Tools.tbx\CalculateField" Date="20190523" Time="145808" Name="" export="">CalculateField wifi Objeto "Puestos WIFI" VB #</Process></lineage><itemProps><itemName Sync="TRUE">wifi</itemName><imsContentType Sync="FALSE" export="False">001</imsContentType><nativeExtBox><westBL Sync="TRUE">94078.699633</westBL><eastBL Sync="TRUE">109945.570554</eastBL><southBL Sync="TRUE">92750.523430</southBL><northBL Sync="TRUE">111179.154200</northBL><exTypeCode Sync="TRUE">1</exTypeCode></nativeExtBox><itemSize Sync="TRUE">0.036</itemSize><itemLocation><linkage Sync="TRUE">file://\\MEISECCTI000015\C$\Users\20307626978\Desktop\BASES\1-Luciana\SHP\Bases EPOK\Sitios wifi\wifi.shp</linkage><protocol Sync="TRUE">Local Area Network</protocol></itemLocation></itemProps><coordRef><type Sync="TRUE">Projected</type><geogcsn Sync="TRUE">GCS_Campo_Inchauspe</geogcsn><csUnits Sync="TRUE">Linear Unit: Meter (1.000000)</csUnits><projcsn Sync="TRUE">Argentina_GKBsAs</projcsn><peXml Sync="TRUE">&lt;ProjectedCoordinateSystem xsi:type='typens:ProjectedCoordinateSystem' xmlns:xsi='http://www.w3.org/2001/XMLSchema-instance' xmlns:xs='http://www.w3.org/2001/XMLSchema' xmlns:typens='http://www.esri.com/schemas/ArcGIS/10.1'&gt;&lt;WKT&gt;PROJCS[&amp;quot;Argentina_GKBsAs&amp;quot;,GEOGCS[&amp;quot;GCS_Campo_Inchauspe&amp;quot;,DATUM[&amp;quot;D_Campo_Inchauspe&amp;quot;,SPHEROID[&amp;quot;International_1924&amp;quot;,6378388.0,297.0]],PRIMEM[&amp;quot;Greenwich&amp;quot;,0.0],UNIT[&amp;quot;Degree&amp;quot;,0.0174532925199433]],PROJECTION[&amp;quot;Transverse_Mercator&amp;quot;],PARAMETER[&amp;quot;False_Easting&amp;quot;,100000.0],PARAMETER[&amp;quot;False_Northing&amp;quot;,100000.0],PARAMETER[&amp;quot;Central_Meridian&amp;quot;,-58.4627],PARAMETER[&amp;quot;Scale_Factor&amp;quot;,0.999998],PARAMETER[&amp;quot;Latitude_Of_Origin&amp;quot;,-34.6297166],UNIT[&amp;quot;Meter&amp;quot;,1.0]]&lt;/WKT&gt;&lt;XOrigin&gt;-5523400&lt;/XOrigin&gt;&lt;YOrigin&gt;-6068900&lt;/YOrigin&gt;&lt;XYScale&gt;450249651.57241428&lt;/XYScale&gt;&lt;ZOrigin&gt;-100000&lt;/ZOrigin&gt;&lt;ZScale&gt;10000&lt;/ZScale&gt;&lt;MOrigin&gt;-100000&lt;/MOrigin&gt;&lt;MScale&gt;10000&lt;/MScale&gt;&lt;XYTolerance&gt;0.001&lt;/XYTolerance&gt;&lt;ZTolerance&gt;0.001&lt;/ZTolerance&gt;&lt;MTolerance&gt;0.001&lt;/MTolerance&gt;&lt;HighPrecision&gt;true&lt;/HighPrecision&gt;&lt;/ProjectedCoordinateSystem&gt;</peXml></coordRef></DataProperties><SyncDate>20190618</SyncDate><SyncTime>14344400</SyncTime><ModDate>20190618</ModDate><ModTime>14344400</ModTime><scaleRange><minScale>150000000</minScale><maxScale>5000</maxScale></scaleRange><ArcGISProfile>NAP</ArcGISProfile><MetaID>{39CA7D3D-B109-415B-8A41-747E80A36C1F}</MetaID></Esri><dataIdInfo><envirDesc Sync="TRUE">Microsoft Windows Vista Version 6.1 (Build 7601) Service Pack 1; ESRI ArcCatalog 9.3.0.1770</envirDesc><dataLang><languageCode value="es" Sync="TRUE"/><countryCode value="" Sync="TRUE"/></dataLang><idCitation xmlns=""><resTitle Sync="FALSE">Sitios gratuitos de conexión WiFi del Gobierno de la Ciudad</resTitle><presForm xmlns=""><PresFormCd value="005" Sync="TRUE"/></presForm><date><createDate>2012-07-01T00:00:00</createDate><pubDate>2019-05-01T00:00:00</pubDate><reviseDate>2019-05-01T00:00:00</reviseDate></date><resEdDate>201905</resEdDate><citRespParty xmlns=""><rpIndName>Carolina Padin</rpIndName><rpOrgName>Unidad de Sistemas de Información Geográfica - Dirección General de Ciencias de la Información - Subsecretaría de Ciudad Inteligente - Ministerio de Educación e Innovación - Gobierno de la Ciudad Autónoma de Buenos Aires</rpOrgName><role><RoleCd value="007"></RoleCd></role><rpCntInfo xmlns=""><cntAddress addressType=""><delPoint>Av. Martín García 346 2º Piso</delPoint><city>Ciudad Autónoma de Buenos Aires</city><adminArea>Ciudad Autónoma de Buenos Aires</adminArea><eMailAdd>cpadin@buenosaires.gob.ar</eMailAdd></cntAddress></rpCntInfo></citRespParty><citRespParty xmlns=""><rpIndName>Santiago Pondal</rpIndName><rpOrgName>Unidad de Sistemas de Información Geográfica - Dirección General de Ciencias de la Información - Subsecretaría de Ciudad Inteligente - Ministerio de Educación e Innovación - Gobierno de la Ciudad Autónoma de Buenos Aires</rpOrgName><role><RoleCd value="007"></RoleCd></role><rpCntInfo xmlns=""><cntAddress addressType=""><delPoint>Av. Martín García 346 2º Piso</delPoint><city>Ciudad Autónoma de Buenos Aires</city><adminArea>Ciudad Autónoma de Buenos Aires</adminArea></cntAddress></rpCntInfo></citRespParty><citRespParty xmlns=""><rpIndName>Area Información</rpIndName><rpOrgName>Unidad de Sistemas de Información Geográfica - Dirección General de Ciencias de la Información - Subsecretaría de Ciudad Inteligente - Ministerio de Educación e Innovación - Gobierno de la Ciudad Autónoma de Buenos Aires</rpOrgName><role><RoleCd value="006"></RoleCd></role><rpCntInfo xmlns=""><cntAddress addressType=""><delPoint>Av. Martín García 346 2º Piso</delPoint><city>Ciudad Autónoma de Buenos Aires</city><adminArea>Ciudad Autónoma de Buenos Aires</adminArea><eMailAdd>usig_info@buenosaires.gob.ar</eMailAdd></cntAddress><cntPhone><voiceNum tddtty="">5030-9200 int. 2243</voiceNum></cntPhone></rpCntInfo></citRespParty><citRespParty xmlns=""><rpIndName>Javier Rizzo</rpIndName><rpOrgName>Gerencia de Conectividad  - Dirección General de Ciencias de la Información - Subsecretaría de Ciudad Inteligente - Secretaría de Ciencia, Tecnología e Innovación - Ministerio de Educación e Innovación</rpOrgName><role><RoleCd value="006"></RoleCd></role><rpCntInfo xmlns=""><cntAddress addressType=""><delPoint>Av. Martín García 346 2º Piso</delPoint><city>Ciudad Autónoma de Buenos Aires</city><adminArea>Ciudad Autónoma de Buenos Aires</adminArea></cntAddress></rpCntInfo></citRespParty><resRefDate><refDate>201207</refDate><refDateType><DateTypCd value="001"></DateTypCd></refDateType></resRefDate><citRespParty><rpIndName>Area Información</rpIndName><rpOrgName>Unidad de Sistemas de Información Geográfica - Dirección General de Ciencias de la Información - Subsecretaría de Ciudad Inteligente - Secretaría de Ciencia, Tecnología e Innovación - Ministerio de Educación e Innovación</rpOrgName><role><RoleCd value="006"></RoleCd></role><rpCntInfo><cntAddress><delPoint>Av. Martín García 346 2º Piso</delPoint><city>Ciudad Autónoma de Buenos Aires</city><adminArea>Ciudad Autónoma de Buenos Aires</adminArea><eMailAdd>usig_info@buenosaires.gob.ar</eMailAdd></cntAddress><cntPhone><voiceNum>5030-9200 int. 2243</voiceNum></cntPhone></rpCntInfo></citRespParty><resRefDate><refDate>201905</refDate><refDateType><DateTypCd value="003"></DateTypCd></refDateType></resRefDate><resRefDate><refDate>201905</refDate><refDateType><DateTypCd value="002"></DateTypCd></refDateType></resRefDate><resAltTitle>sitios_wifi_badata</resAltTitle></idCitation><spatRpType><SpatRepTypCd value="001" Sync="TRUE"/></spatRpType><dataExt xmlns=""><geoEle xmlns=""><GeoBndBox esriExtentType="search"><exTypeCode Sync="TRUE">1</exTypeCode><westBL Sync="TRUE">-58.527322</westBL><eastBL Sync="TRUE">-58.354159</eastBL><northBL Sync="TRUE">-34.528897</northBL><southBL Sync="TRUE">-34.695064</southBL></GeoBndBox><GeoBndBox esriExtentType="native"><westBL Sync="TRUE">94078.699633</westBL><eastBL Sync="TRUE">109945.570554</eastBL><northBL Sync="TRUE">111179.1542</northBL><southBL Sync="TRUE">92750.52343</southBL><exTypeCode Sync="TRUE">1</exTypeCode></GeoBndBox></geoEle></dataExt><idAbs>La capa contiene los sitios que integran la red de conexión de WiFi gratuita del Gobierno de la Ciudad de Buenos Aires.</idAbs><searchKeys><keyword>Sitios WiFi</keyword><keyword>Conectividad</keyword><keyword>Internet</keyword><keyword>Red WIFI</keyword><keyword>Ciudad Autónoma de Buenos Aires</keyword><keyword>Geografía</keyword><keyword>Planeamiento</keyword><keyword>Sistemas y Redes</keyword></searchKeys><resConst><Consts xmlns=""><useLimit>La información deberá ser utilizada de acuerdo con los usos que marca la Ley, respetando la fuente de los datos originales.

La información suministrada en formato digital es para uso personal e intransferible. Queda estrictamente prohibido cualquier aprovechamiento o explotación del diseño y los Contenidos -por cualquier medio-, con fines comerciales. Sin perjuicio de ello, la información presentada podrá ser utilizada con fines informativos e ilustrativos en el contexto de un proyecto educacional o de divulgación científica, y siempre que se aclare la fuente. La utilización de los Contenidos de una forma que infrinja estas las disposiciones de uso, faculta al GCBA a ejercer las acciones legales que corresponda.</useLimit></Consts></resConst><themeKeys xmlns=""><keyword>Sitios WiFi</keyword><keyword>Conectividad</keyword><keyword>Internet</keyword><keyword>Red WIFI</keyword></themeKeys><placeKeys xmlns=""><keyword>Ciudad Autónoma de Buenos Aires</keyword></placeKeys><discKeys xmlns=""><keyword>Geografía</keyword><keyword>Planeamiento</keyword><keyword>Sistemas y Redes</keyword></discKeys><dataChar><CharSetCd value="004"></CharSetCd></dataChar><idPoC xmlns=""><rpIndName>Carolina Padin</rpIndName><rpOrgName>Unidad de Sistemas de Información Geográfica - Dirección General de Ciencias de la Información - Subsecretaría de Ciudad Inteligente - Ministerio de Educación e Innovación - Gobierno de la Ciudad Autónoma de Buenos Aires</rpOrgName><role><RoleCd value="007"></RoleCd></role><rpCntInfo xmlns=""><cntAddress addressType=""><delPoint>Av. Martín García 346 2º Piso</delPoint><city>Ciudad Autónoma de Buenos Aires</city><adminArea>Ciudad Autónoma de Buenos Aires</adminArea><eMailAdd>cpadin@buenosaires.gob.ar</eMailAdd></cntAddress><cntPhone><voiceNum tddtty="">5030-9200 int. 2169</voiceNum></cntPhone></rpCntInfo></idPoC><idPoC xmlns=""><rpIndName>Santiago Pondal</rpIndName><rpOrgName>Gerencia de Conectividad - Dirección General de Proyectos de Ciudad Inteligente y Gobierno Abierto - Subsecretaría de Innovación y Ciudad Inteligente - Ministerio de Modernización, Innovación y Tecnología</rpOrgName><role><RoleCd value="007"></RoleCd></role><rpCntInfo xmlns=""><cntAddress addressType=""><delPoint>Av. Martín García 346 2º Piso</delPoint><city>Ciudad Autónoma de Buenos Aires</city><adminArea>Ciudad Autónoma de Buenos Aires</adminArea></cntAddress></rpCntInfo></idPoC><resConst><LegConsts xmlns=""><accessConsts><RestrictCd value="006"></RestrictCd></accessConsts><useConsts><RestrictCd value="006"></RestrictCd></useConsts></LegConsts></resConst><tpCat><TopicCatCd value="003"/></tpCat><tpCat><TopicCatCd value="015"/></tpCat><tpCat><TopicCatCd value="016"/></tpCat><tpCat><TopicCatCd value="019"/></tpCat><geoBox esriExtentType="decdegrees"><westBL Sync="TRUE">-58.527322</westBL><eastBL Sync="TRUE">-58.354159</eastBL><northBL Sync="TRUE">-34.528897</northBL><southBL Sync="TRUE">-34.695064</southBL><exTypeCode Sync="TRUE">1</exTypeCode></geoBox><descKeys KeyTypCd="005"><keyTyp><KeyTypCd value="005"></KeyTypCd></keyTyp><keyword>wifi</keyword><keyword>puntos de wifi</keyword><keyword>conectividad</keyword></descKeys><descKeys KeyTypCd="002"><keyTyp><KeyTypCd value="002"></KeyTypCd></keyTyp><keyword>Ciudad Autónoma de Buenos Aires</keyword></descKeys><descKeys KeyTypCd="001"><keyTyp><KeyTypCd value="001"></KeyTypCd></keyTyp><keyword>Tecnología</keyword></descKeys><resMaint><maintFreq><MaintFreqCd value="011"></MaintFreqCd></maintFreq></resMaint><idPoC Sync="TRUE"><rpIndName Sync="TRUE">Carolina Padin</rpIndName><rpOrgName Sync="TRUE">Unidad de Sistemas de Información Geográfica - Dirección General de Ciencias de la Información - Subsecretaría de Ciudad Inteligente - Ministerio de Educación e Innovación - Gobierno de la Ciudad Autónoma de Buenos Aires</rpOrgName><rpCntInfo><cntAddress><delPoint Sync="TRUE">Av. Martín García 346 2º Piso</delPoint><city Sync="TRUE">Ciudad Autónoma de Buenos Aires</city><adminArea Sync="TRUE">Ciudad Autónoma de Buenos Aires</adminArea><eMailAdd Sync="TRUE">cpadin@buenosaires.gob.ar</eMailAdd></cntAddress></rpCntInfo><role><RoleCd Sync="TRUE" value="007"></RoleCd></role></idPoC><idPoC Sync="TRUE"><rpIndName Sync="TRUE">Santiago Pondal</rpIndName><rpOrgName Sync="TRUE">Unidad de Sistemas de Información Geográfica - Dirección General de Ciencias de la Información - Subsecretaría de Ciudad Inteligente - Ministerio de Educación e Innovación - Gobierno de la Ciudad Autónoma de Buenos Aires</rpOrgName><rpCntInfo><cntAddress><delPoint Sync="TRUE">Av. Martín García 346 2º Piso</delPoint><city Sync="TRUE">Ciudad Autónoma de Buenos Aires</city><adminArea Sync="TRUE">Ciudad Autónoma de Buenos Aires</adminArea></cntAddress></rpCntInfo><role><RoleCd Sync="TRUE" value="007"></RoleCd></role></idPoC></dataIdInfo><mdLang><languageCode value="es" Sync="TRUE"/><countryCode value="" Sync="TRUE"/></mdLang><mdChar><CharSetCd value="004" Sync="TRUE"/></mdChar><distInfo xmlns=""><distFormat xmlns=""><formatName Sync="TRUE">Shapefile</formatName></distFormat><distTranOps xmlns=""><transSize Sync="TRUE">0.036</transSize></distTranOps><distributor xmlns=""><distorCont xmlns=""><rpIndName>Area Información</rpIndName><rpOrgName>Unidad de Sistemas de Información Geográfica - Dirección General de Ciencias de la Información - Subsecretaría de Ciudad Inteligente - Secretaría de Ciencia, Tecnología e Innovación - Ministerio de Educación e Innovación</rpOrgName><role><RoleCd value="005"></RoleCd></role><rpCntInfo xmlns=""><cntAddress addressType=""><delPoint>Av. Martín García 346 2º Piso</delPoint><city>Ciudad Autónoma de Buenos Aires</city><adminArea>Ciudad Autónoma de Buenos Aires</adminArea><eMailAdd>usig_info@buenosaires.gob.ar</eMailAdd></cntAddress><cntPhone><voiceNum tddtty="">5030-9200 int. 2243</voiceNum></cntPhone></rpCntInfo></distorCont><distorTran><onLineSrc><orDesc>001</orDesc><linkage>https://mapa.buenosaires.gob.ar -  https://mapas.usig.buenosaires.gob.ar/</linkage><protocol Sync="TRUE">Local Area Network</protocol><orFunct><OnFunctCd value="002"></OnFunctCd></orFunct></onLineSrc><transSize Sync="TRUE">0,024</transSize></distorTran><distorFormat><formatName Sync="TRUE">Shapefile</formatName><formatVer>ArcGis 9.0</formatVer></distorFormat><distorOrdPrc><ordInstr>La información no está disponible para la venta.</ordInstr></distorOrdPrc></distributor></distInfo><mdHrLv><ScopeCd value="005" Sync="TRUE"/></mdHrLv><mdHrLvName Sync="TRUE">dataset</mdHrLvName><refSysInfo><RefSystem dimension=""><refSysID xmlns=""><identCode code="0" Sync="TRUE">Argentina_GKBsAs</identCode></refSysID></RefSystem></refSysInfo><spatRepInfo><VectSpatRep><topLvl><TopoLevCd value="001" Sync="TRUE"/></topLvl><geometObjs Name="sitios_wifi_badata"><geoObjTyp><GeoObjTypCd Sync="TRUE" value="004"></GeoObjTypCd></geoObjTyp><geoObjCnt Sync="TRUE">897</geoObjCnt></geometObjs></VectSpatRep></spatRepInfo><spdoinfo><ptvctinf><esriterm Name="sitios_wifi_badata"><efeatyp Sync="TRUE">Simple</efeatyp><efeageom code="1" Sync="TRUE">Point</efeageom><esritopo Sync="TRUE">FALSE</esritopo><efeacnt Sync="TRUE">897</efeacnt><spindex Sync="TRUE">FALSE</spindex><linrefer Sync="TRUE">FALSE</linrefer></esriterm><sdtsterm Name="sitios_wifi_badata"><sdtstype Sync="TRUE">Entity point</sdtstype><ptvctcnt Sync="TRUE">897</ptvctcnt></sdtsterm></ptvctinf><direct Sync="TRUE">Vector</direct></spdoinfo><eainfo><detailed Name="sitios_wifi_badata" xmlns=""><enttyp><enttypl Sync="TRUE">sitios_wifi_badata</enttypl><enttypt Sync="TRUE">Feature Class</enttypt><enttypc Sync="TRUE">897</enttypc></enttyp><attr><attrlabl Sync="TRUE">FID</attrlabl><attalias Sync="TRUE">FID</attalias><attrtype Sync="TRUE">OID</attrtype><attwidth Sync="TRUE">4</attwidth><atprecis Sync="TRUE">0</atprecis><attscale Sync="TRUE">0</attscale><attrdef Sync="TRUE">Internal feature number.</attrdef><attrdefs Sync="TRUE">Esri</attrdefs><attrdomv><udom Sync="TRUE">Sequential unique whole numbers that are automatically generated.</udom></attrdomv></attr><attr><attrlabl Sync="TRUE">Shape</attrlabl><attalias Sync="TRUE">Shape</attalias><attrtype Sync="TRUE">Geometry</attrtype><attwidth Sync="TRUE">0</attwidth><atprecis Sync="TRUE">0</atprecis><attscale Sync="TRUE">0</attscale><attrdef Sync="TRUE">Feature geometry.</attrdef><attrdefs Sync="TRUE">Esri</attrdefs><attrdomv><udom Sync="TRUE">Coordinates defining the features.</udom></attrdomv></attr><attr><attrlabl Sync="TRUE">id</attrlabl><attalias Sync="TRUE">id</attalias><attrtype Sync="TRUE">Number</attrtype><attwidth Sync="TRUE">10</attwidth></attr><attr><attrlabl Sync="TRUE">nombre</attrlabl><attalias Sync="TRUE">nombre</attalias><attrtype Sync="TRUE">String</attrtype><attwidth Sync="TRUE">254</attwidth></attr><attr><attrlabl Sync="TRUE">tipo</attrlabl><attalias Sync="TRUE">tipo</attalias><attrtype Sync="TRUE">String</attrtype><attwidth Sync="TRUE">254</attwidth></attr><attr><attrlabl Sync="TRUE">etapa</attrlabl><attalias Sync="TRUE">etapa</attalias><attrtype Sync="TRUE">String</attrtype><attwidth Sync="TRUE">254</attwidth></attr><attr><attrlabl Sync="TRUE">etapa_obse</attrlabl><attalias Sync="TRUE">etapa_obse</attalias><attrtype Sync="TRUE">String</attrtype><attwidth Sync="TRUE">254</attwidth></attr><attr><attrlabl Sync="TRUE">estado</attrlabl><attalias Sync="TRUE">estado</attalias><attrtype Sync="TRUE">String</attrtype><attwidth Sync="TRUE">254</attwidth></attr><attr><attrlabl Sync="TRUE">subcategor</attrlabl><attalias Sync="TRUE">subcategor</attalias><attrtype Sync="TRUE">String</attrtype><attwidth Sync="TRUE">254</attwidth></attr><attr><attrlabl Sync="TRUE">calle</attrlabl><attalias Sync="TRUE">calle</attalias><attrtype Sync="TRUE">String</attrtype><attwidth Sync="TRUE">254</attwidth></attr><attr><attrlabl Sync="TRUE">altura</attrlabl><attalias Sync="TRUE">altura</attalias><attrtype Sync="TRUE">Number</attrtype><attwidth Sync="TRUE">10</attwidth></attr><attr><attrlabl Sync="TRUE">calle2</attrlabl><attalias Sync="TRUE">calle2</attalias><attrtype Sync="TRUE">String</attrtype><attwidth Sync="TRUE">254</attwidth></attr><attr><attrlabl Sync="TRUE">barrio</attrlabl><attalias Sync="TRUE">barrio</attalias><attrtype Sync="TRUE">String</attrtype><attwidth Sync="TRUE">254</attwidth></attr><attr><attrlabl Sync="TRUE">comuna</attrlabl><attalias Sync="TRUE">comuna</attalias><attrtype Sync="TRUE">String</attrtype><attwidth Sync="TRUE">254</attwidth></attr><attr><attrlabl Sync="TRUE">dom_norma</attrlabl><attalias Sync="TRUE">dom_norma</attalias><attrtype Sync="TRUE">String</attrtype><attwidth Sync="TRUE">254</attwidth></attr><attr><attrlabl Sync="TRUE">Objeto</attrlabl><attalias Sync="TRUE">objeto</attalias><attrtype Sync="TRUE">String</attrtype><attwidth Sync="TRUE">50</attwidth><atprecis Sync="TRUE">0</atprecis><attscale Sync="TRUE">0</attscale></attr></detailed></eainfo><mdDateSt Sync="TRUE">20190618</mdDateSt><mdContact xmlns=""><rpIndName>Area Información</rpIndName><rpOrgName>Unidad de Sistemas de Información Geográfica - Dirección General de Ciencias de la Información - Subsecretaría de Ciudad Inteligente - Secretaría de Ciencia, Tecnología e Innovación - Ministerio de Educación e Innovación</rpOrgName><role><RoleCd value="006"></RoleCd></role><rpCntInfo xmlns=""><cntAddress addressType=""><delPoint>Av. Martín García 346 2º Piso</delPoint><city>Ciudad Autónoma de Buenos Aires</city><adminArea>Ciudad Autónoma de Buenos Aires</adminArea><eMailAdd>usig_info@buenosaires.gob.ar</eMailAdd></cntAddress><cntPhone><voiceNum tddtty="">5030-9200 int. 2243</voiceNum></cntPhone></rpCntInfo></mdContact><dqInfo xmlns=""><dataLineage><statement>El archivo contiene la ubicación de los distintos sitios Wi-Fi disponibles del Gobierno de  la Ciudad de Buenos Aires. 

La red de conexión de este servicio gratuito fue desarrollada por la Agencia de Sistemas de Información (ASI) y luego por la Subsecretaría de Ciudad Inteligente y permite conectarse a través de puntos WiFi ubicados en plazas, parques, espacios comunales, bibliotecas de la Ciudad (entre otras dependencias). 

El servicio esta disponible las 24 horas los 365 días del año y brinda una conexión totalmente controlada a través de filtros que impiden accesos a contenidos no aptos para menores.

El plan prevé ir incorporando nuevos puntos de conexión para llegar a toda la Ciudad con internet gratis, fácil de usar y accesible para todos.

En noviembre de 2012 se realizó la actualización de la capa, quedando activados 68 puntos de la base total.

A enero de 2013 se realizó una nueva actulización de la capa con la activación y adición de nuevos puntos a la base, generando un total de 114 puntos wifi activos.

A julio de 2013 se incorporon 19 nuevos puntos a la base, que se suman a los 7 agregados en abril de 2013, dando un total de 140 puntos wifi activos.

En octubre de 2013 se actualiza la información incorporando los nuevos puntos activos de la red gratuita wifi de la Ciudad y la información de categorías disponibilizados por el Ministerio de Modernización a través de la web del Gobierno.A la fecha la capa contiene 172 registros de los cuales 161 se encuentran activos.

En diciembre de 2013 se actualizó la capa con los nuevos puntos wifi activos para la fecha. 

En abril de 2014 se actualizó la capa con los nuevos puntos wifi activos para la fecha. 

En agosto de 2014 se ingresaron nuevos sitios wifi y se comenzó a trabajar con Jorge Messano de la ASI para verificar la información relevada de la página de GCBA. Él nos pasó un PPT con el Status al 31 de julio con el detalle de los sitios operativos.
A partir de febrero de 2015  se empezó a trabajar con la información provista por Valentín Caputo de la ASI.

En Mayo 2015 se ingresaron 25 nuevos puntos WIFI y se amplió la señal de 3 puntos existentes lo cual se consignó en las Observaciones.

En Junio 2015 se ingresaron 14 nuevos puntos permanentes de WIFI.

En julio 2015 se ingresaron 4 nuevos puntos permanentes de WIFI. En esta actualización se agregó el punto de SECHI - Plaza Carrillo. El domicilio recibido es Lacarra y Laguna que no se cortan, por lo tanto el punto se ubicó en la En el Centro de Actividades Infantiles y Juveniles Club Carrillo.

También en julio 2015 se agregaron 30 sitios nuevos de subte, que comprenden la totalidad de las estaciones de las líneas D y H y 13 Espacios de Subte Digital. Además se cambió el nombre del Meeting Point Estación Pueyrredón por Espacio Subte Digital Pueyrredón. Esta información fue enviada por la gente de la Gerencia Corporativa y Comercial de Subterraneos de Buenos Aires y se corroboró con la gente de Administración de Redes de la ASI.

En agosto 2015 se agregaron 9 puntos nuevos de WIFI. Según lo conversado con Pablo Gonzalez Piñeyro no se agregó el sitio de la Estación Saludable Parque Centenario ya que se trata de un ampliación de señal.

En septiembre 2015 se agregaron 6 sitios nuevos y se despublicó la Biblioteca Canónigo Luis Chorroarín, por no contar con conexion WIFI, a pesar de que había sido incluída en el listado de bibliotecas con WIFI en abril de 2014.

Entre diciembre 2015 y marzo de 2016 se agregaron sitios nuevos y se amplió la señal de sitios existentes.

A partir de Agosto 2016 la Dirección General de Proyectos de Ciudad Inteligente perteneciente a la Subsecretaría de Ciudad Inteligente del Ministerio de Modernización comenzó a trabajar en la ampliación y mejora de la conectividad de los sitios existentes y la instalación de nuevos sitios. 

Última actualización: mayo 2019


DESCRIPCION DE LOS CAMPOS:

ID
TIPO: Numérico (10)
DESCRIPCIÓN: Identificador único de cada registro.

NOMBRE
TIPO: Texto (254)
DESCRIPCIÓN: Nombre del sitio WIFI

TIPO
TIPO: Texto (254)
DESCRIPCIÓN: Categoría del sitio de WIFI

ETAPA
TIPO: Texto (254)
DESCRIPCIÓN: Etapa de inaguración de los puntos Wi-Fi

ETAPA_OBSE
TIPO: Texto (254)
DESCRIPCIÓN: Fecha de comienzo de conectividad

ESTADO
TIPO: Texto (254)
DESCRIPCIÓN: Referencia respecto a la disponibilización del servicio

SUBCATEGORIA
TIPO: Texto (254)
DESCRIPCIÓN: Subcategoría del sitio de WIFI

CALLE
TIPO: Texto (254)
DESCRIPCIÓN: Nombre de la calle principal

ALTURA
TIPO: Numérico (10)
DESCRIPCIÓN: Altura de calle

CALLE2
TIPO: Numérico (254)
DESCRIPCIÓN: Nombre de la calle que intersecta la calle principal

BARRIO
TIPO: Texto (254)
DESCRIPCIÓN: Barrio al que pertenece el sitio

COMUNA
TIPO: Texto (254)
DESCRIPCIÓN: Comuna a la que pertenece el sitio

DOM_NORMA
TIPO: Texto (254)
DESCRIPCION: Dirección normalizada

OBJETO
TIPO: Texto (50)
DESCRIPCION: Elemento al que hace referencia la capa</statement></dataLineage><dqScope><scpLvl><ScopeCd value="005"></ScopeCd></scpLvl></dqScope></dqInfo><idinfo><native Sync="TRUE">Microsoft Windows Vista Version 6.1 (Build 7601) Service Pack 1; ESRI ArcCatalog 9.3.0.1770</native><descript><langdata Sync="TRUE">es</langdata></descript><citation><citeinfo><title Sync="TRUE">sitios_wifi_badata</title><ftname Sync="TRUE">sitios_wifi_badata</ftname><geoform Sync="TRUE">vector digital data</geoform><onlink Sync="TRUE">\\LAURA-THIN\C$\00Laura\00Trabajo Laura\00 Buenos Aires Data\Nuevo BADATA\32 Entrega 14_06_2019\sitios_wifi_badata.shp</onlink></citeinfo></citation><natvform Sync="TRUE">Shapefile</natvform><spdom><lboundng><leftbc Sync="TRUE">94078.699633</leftbc><rightbc Sync="TRUE">109945.570554</rightbc><bottombc Sync="TRUE">92750.523430</bottombc><topbc Sync="TRUE">111179.154200</topbc></lboundng><bounding><westbc Sync="TRUE">-58.527322</westbc><eastbc Sync="TRUE">-58.354159</eastbc><northbc Sync="TRUE">-34.528897</northbc><southbc Sync="TRUE">-34.695064</southbc></bounding></spdom></idinfo><metainfo><langmeta Sync="TRUE">es</langmeta><metstdn Sync="TRUE">FGDC Content Standards for Digital Geospatial Metadata</metstdn><metstdv Sync="TRUE">FGDC-STD-001-1998</metstdv><mettc Sync="TRUE">local time</mettc><metd Sync="TRUE">20190618</metd><metextns><onlink Sync="TRUE">http://www.esri.com/metadata/esriprof80.html</onlink><metprof Sync="TRUE">ESRI Metadata Profile</metprof></metextns></metainfo><mdStanName Sync="TRUE">ISO 19115 Geographic Information - Metadata</mdStanName><mdStanVer Sync="TRUE">DIS_ESRI1.0</mdStanVer><distinfo><resdesc Sync="TRUE">Downloadable Data</resdesc><stdorder><digform><digtinfo><transize Sync="TRUE">0,024</transize><dssize Sync="TRUE">0,024</dssize></digtinfo></digform></stdorder></distinfo><spref><horizsys><cordsysn><geogcsn Sync="TRUE">GCS_Campo_Inchauspe</geogcsn><projcsn Sync="TRUE">Argentina_GKBsAs</projcsn></cordsysn><planar><planci><plance Sync="TRUE">coordinate pair</plance><plandu Sync="TRUE">meters</plandu><coordrep><absres Sync="TRUE">0.000000</absres><ordres Sync="TRUE">0.000000</ordres></coordrep></planci><mapproj><mapprojn Sync="TRUE">Transverse Mercator</mapprojn><transmer><sfctrmer Sync="TRUE">0.999998</sfctrmer><longcm Sync="TRUE">-58.462700</longcm><latprjo Sync="TRUE">-34.629717</latprjo><feast Sync="TRUE">100000.000000</feast><fnorth Sync="TRUE">100000.000000</fnorth></transmer></mapproj></planar><geodetic><horizdn Sync="TRUE">D_Campo_Inchauspe</horizdn><ellips Sync="TRUE">International_1924</ellips><semiaxis Sync="TRUE">6378388.000000</semiaxis><denflat Sync="TRUE">297.000000</denflat></geodetic></horizsys></spref><dataqual><lineage><procstep><procdesc Sync="TRUE">Dataset copied.</procdesc><srcused Sync="TRUE"></srcused><procdate Sync="TRUE">20190613</procdate><proctime Sync="TRUE">16074700</proctime></procstep><procstep><procdesc Sync="TRUE">Dataset copied.</procdesc><srcused Sync="TRUE"></srcused><procdate Sync="TRUE">20190618</procdate><proctime Sync="TRUE">13023500</proctime></procstep></lineage></dataqual></metadata>
